Pseudonym,Email_Address,Password,Password_Salt,Password_Hash_Algorithm,Profile_UUID
radiant.pulse2250,radiant.pulse2250@tutamail.com,Z%97KeZ0Ic=C*q6wmYT+IR1r,3abd09841caba9c3e4d283b9f559f7db,SHA-256,055c08b2-5e2d-42d7-bcf9-47e2deab54f1
obsidian.bloom3801,obsidian.bloom3801@tutamail.com,_&G!^fTwHZ1t#c@$i%N!y@EW,8ea57a2721c6b1d28795fa7cebbcf3c0,SHA-256,c3e114dd-f71f-4c79-b9d7-f8fac44e77f0
silver.reef6484,silver.reef6484@tutamail.com,mHV17%QmdJ7R5jiQSsJlr2nb,568b3f267306f064021e765dbe98deac,SHA-256,c0fef1be-96f6-422b-84fa-e68767d02d8f
celestial.azure8624,celestial.azure8624@tutamail.com,5%2E77Xug%$Kn=z+k5#yd_+G,029568b8b9d8579198411b785a24ae1d,SHA-256,d6ace4a9-233f-48a0-8c4b-c4a38a2174ec
radiant.prism2493,radiant.prism2493@tutamail.com,_&xx6rIbEsP_avD$LM1X+6N-,0bc6791ba04d9871001ccf57c94bafd3,SHA-256,2bc4f028-866b-425a-b702-8c20835d8123
spectral.dusk1749,spectral.dusk1749@tutamail.com,wtKt8_+kx-0Lo@UkuF5arC8U,783f7df986674f03e00bc53d92305a9f,SHA-256,660d1a87-b55b-48a2-99ba-9a7cb3e5c2d8
swift.mark535,swift.mark535@tutamail.com,ri6&@78_y%xHSEB9x=hCb@%K,4eb8f11153ca0fd261703d9a310df754,SHA-256,ff96c639-1ff6-48b3-adb1-fefd84cd5b33
ethereal.ember2690,ethereal.ember2690@tutamail.com,wX8gQbSA-96SF!Ayl#-XUo9o,8db43ab0d129618bd453f1855a83e80d,SHA-256,2e5ebdd8-f108-403c-8247-5771cd5d968b
crimson.ember1933,crimson.ember1933@tutamail.com,01OgJjoM5zDdK3+0m&!@T&L5,6ca7e5f2006bdb1cd2db41dd14b58339,SHA-256,01042556-38a6-4903-b552-22ae123ae290
radiant.reef1881,radiant.reef1881@tutamail.com,j846rh4cy9yRV+mHeOR4@svP,a19ccc2c497e93cc1000384b6bc057d9,SHA-256,8b510910-e60f-473c-a650-3348b89be096
